salaryId,first_name,last_name,current_month,salary_payment_date,bonus_payment_date,remaining_payment_months
1,Thibaut,Fellows,February,2019-02-28,2019-02-15,10
1,Thibaut,Fellows,February,2019-02-28,2019-02-15,10
1,Thibaut,Fellows,February,2019-02-28,2019-02-15,10
1,Thibaut,Fellows,February,2019-02-28,2019-02-15,10
1,Thibaut,Fellows,February,2019-02-28,2019-02-15,10
1,Thibaut,Fellows,February,2019-02-28,2019-02-15,10
1,Thibaut,Fellows,February,2019-02-28,2019-02-15,10
2,Aldwin,Orhtmann,February,2019-02-28,2019-02-15,10
2,Aldwin,Orhtmann,February,2019-02-28,2019-02-15,10
2,Aldwin,Orhtmann,February,2019-02-28,2019-02-15,10
2,Aldwin,Orhtmann,February,2019-02-28,2019-02-15,10
2,Aldwin,Orhtmann,February,2019-02-28,2019-02-15,10
2,Aldwin,Orhtmann,February,2019-02-28,2019-02-15,10
2,Aldwin,Orhtmann,February,2019-02-28,2019-02-15,10
3,Dennie,"Le Houx",February,2019-02-28,2019-02-15,10
3,Dennie,"Le Houx",February,2019-02-28,2019-02-15,10
3,Dennie,"Le Houx",February,2019-02-28,2019-02-15,10
3,Dennie,"Le Houx",February,2019-02-28,2019-02-15,10
3,Dennie,"Le Houx",February,2019-02-28,2019-02-15,10
3,Dennie,"Le Houx",February,2019-02-28,2019-02-15,10
3,Dennie,"Le Houx",February,2019-02-28,2019-02-15,10
4,Cate,Cannam,February,2019-02-28,2019-02-15,10
4,Cate,Cannam,February,2019-02-28,2019-02-15,10
4,Cate,Cannam,February,2019-02-28,2019-02-15,10
4,Cate,Cannam,February,2019-02-28,2019-02-15,10
4,Cate,Cannam,February,2019-02-28,2019-02-15,10
4,Cate,Cannam,February,2019-02-28,2019-02-15,10
4,Cate,Cannam,February,2019-02-28,2019-02-15,10
5,Alisha,Creus,February,2019-02-28,2019-02-15,10
5,Alisha,Creus,February,2019-02-28,2019-02-15,10
5,Alisha,Creus,February,2019-02-28,2019-02-15,10
5,Alisha,Creus,February,2019-02-28,2019-02-15,10
5,Alisha,Creus,February,2019-02-28,2019-02-15,10
5,Alisha,Creus,February,2019-02-28,2019-02-15,10
5,Alisha,Creus,February,2019-02-28,2019-02-15,10
6,Mercy,Diggell,February,2019-02-28,2019-02-15,10
6,Mercy,Diggell,February,2019-02-28,2019-02-15,10
6,Mercy,Diggell,February,2019-02-28,2019-02-15,10
6,Mercy,Diggell,February,2019-02-28,2019-02-15,10
6,Mercy,Diggell,February,2019-02-28,2019-02-15,10
6,Mercy,Diggell,February,2019-02-28,2019-02-15,10
6,Mercy,Diggell,February,2019-02-28,2019-02-15,10
7,Gaston,Sailes,February,2019-02-28,2019-02-15,10
7,Gaston,Sailes,February,2019-02-28,2019-02-15,10
7,Gaston,Sailes,February,2019-02-28,2019-02-15,10
7,Gaston,Sailes,February,2019-02-28,2019-02-15,10
7,Gaston,Sailes,February,2019-02-28,2019-02-15,10
7,Gaston,Sailes,February,2019-02-28,2019-02-15,10
7,Gaston,Sailes,February,2019-02-28,2019-02-15,10
8,Amaleta,MacGovern,February,2019-02-28,2019-02-15,10
8,Amaleta,MacGovern,February,2019-02-28,2019-02-15,10
8,Amaleta,MacGovern,February,2019-02-28,2019-02-15,10
8,Amaleta,MacGovern,February,2019-02-28,2019-02-15,10
8,Amaleta,MacGovern,February,2019-02-28,2019-02-15,10
8,Amaleta,MacGovern,February,2019-02-28,2019-02-15,10
8,Amaleta,MacGovern,February,2019-02-28,2019-02-15,10
9,Noby,Petrolli,February,2019-02-28,2019-02-15,10
9,Noby,Petrolli,February,2019-02-28,2019-02-15,10
9,Noby,Petrolli,February,2019-02-28,2019-02-15,10
9,Noby,Petrolli,February,2019-02-28,2019-02-15,10
9,Noby,Petrolli,February,2019-02-28,2019-02-15,10
9,Noby,Petrolli,February,2019-02-28,2019-02-15,10
9,Noby,Petrolli,February,2019-02-28,2019-02-15,10
10,Erskine,Maidlow,February,2019-02-28,2019-02-15,10
10,Erskine,Maidlow,February,2019-02-28,2019-02-15,10
10,Erskine,Maidlow,February,2019-02-28,2019-02-15,10
10,Erskine,Maidlow,February,2019-02-28,2019-02-15,10
10,Erskine,Maidlow,February,2019-02-28,2019-02-15,10
10,Erskine,Maidlow,February,2019-02-28,2019-02-15,10
10,Erskine,Maidlow,February,2019-02-28,2019-02-15,10
11,Tobye,Mortimer,February,2019-02-28,2019-02-15,10
11,Tobye,Mortimer,February,2019-02-28,2019-02-15,10
11,Tobye,Mortimer,February,2019-02-28,2019-02-15,10
11,Tobye,Mortimer,February,2019-02-28,2019-02-15,10
11,Tobye,Mortimer,February,2019-02-28,2019-02-15,10
11,Tobye,Mortimer,February,2019-02-28,2019-02-15,10
11,Tobye,Mortimer,February,2019-02-28,2019-02-15,10
12,Oralie,Adamo,February,2019-02-28,2019-02-15,10
12,Oralie,Adamo,February,2019-02-28,2019-02-15,10
12,Oralie,Adamo,February,2019-02-28,2019-02-15,10
12,Oralie,Adamo,February,2019-02-28,2019-02-15,10
12,Oralie,Adamo,February,2019-02-28,2019-02-15,10
12,Oralie,Adamo,February,2019-02-28,2019-02-15,10
12,Oralie,Adamo,February,2019-02-28,2019-02-15,10
13,Austin,Jost,February,2019-02-28,2019-02-15,10
13,Austin,Jost,February,2019-02-28,2019-02-15,10
13,Austin,Jost,February,2019-02-28,2019-02-15,10
13,Austin,Jost,February,2019-02-28,2019-02-15,10
13,Austin,Jost,February,2019-02-28,2019-02-15,10
13,Austin,Jost,February,2019-02-28,2019-02-15,10
13,Austin,Jost,February,2019-02-28,2019-02-15,10
14,Leeland,Todeo,February,2019-02-28,2019-02-15,10
14,Leeland,Todeo,February,2019-02-28,2019-02-15,10
14,Leeland,Todeo,February,2019-02-28,2019-02-15,10
14,Leeland,Todeo,February,2019-02-28,2019-02-15,10
14,Leeland,Todeo,February,2019-02-28,2019-02-15,10
14,Leeland,Todeo,February,2019-02-28,2019-02-15,10
14,Leeland,Todeo,February,2019-02-28,2019-02-15,10
15,Robena,Kopta,February,2019-02-28,2019-02-15,10
15,Robena,Kopta,February,2019-02-28,2019-02-15,10
15,Robena,Kopta,February,2019-02-28,2019-02-15,10
15,Robena,Kopta,February,2019-02-28,2019-02-15,10
15,Robena,Kopta,February,2019-02-28,2019-02-15,10
15,Robena,Kopta,February,2019-02-28,2019-02-15,10
15,Robena,Kopta,February,2019-02-28,2019-02-15,10
16,Elwin,Smeaton,February,2019-02-28,2019-02-15,10
16,Elwin,Smeaton,February,2019-02-28,2019-02-15,10
16,Elwin,Smeaton,February,2019-02-28,2019-02-15,10
16,Elwin,Smeaton,February,2019-02-28,2019-02-15,10
16,Elwin,Smeaton,February,2019-02-28,2019-02-15,10
16,Elwin,Smeaton,February,2019-02-28,2019-02-15,10
16,Elwin,Smeaton,February,2019-02-28,2019-02-15,10
17,Theo,Willson,February,2019-02-28,2019-02-15,10
17,Theo,Willson,February,2019-02-28,2019-02-15,10
17,Theo,Willson,February,2019-02-28,2019-02-15,10
17,Theo,Willson,February,2019-02-28,2019-02-15,10
17,Theo,Willson,February,2019-02-28,2019-02-15,10
17,Theo,Willson,February,2019-02-28,2019-02-15,10
17,Theo,Willson,February,2019-02-28,2019-02-15,10
18,Justinian,Denisevich,February,2019-02-28,2019-02-15,10
18,Justinian,Denisevich,February,2019-02-28,2019-02-15,10
18,Justinian,Denisevich,February,2019-02-28,2019-02-15,10
18,Justinian,Denisevich,February,2019-02-28,2019-02-15,10
18,Justinian,Denisevich,February,2019-02-28,2019-02-15,10
18,Justinian,Denisevich,February,2019-02-28,2019-02-15,10
18,Justinian,Denisevich,February,2019-02-28,2019-02-15,10
19,Aldrich,Manueau,February,2019-02-28,2019-02-15,10
19,Aldrich,Manueau,February,2019-02-28,2019-02-15,10
19,Aldrich,Manueau,February,2019-02-28,2019-02-15,10
19,Aldrich,Manueau,February,2019-02-28,2019-02-15,10
19,Aldrich,Manueau,February,2019-02-28,2019-02-15,10
19,Aldrich,Manueau,February,2019-02-28,2019-02-15,10
19,Aldrich,Manueau,February,2019-02-28,2019-02-15,10
20,Shay,Gras,February,2019-02-28,2019-02-15,10
20,Shay,Gras,February,2019-02-28,2019-02-15,10
20,Shay,Gras,February,2019-02-28,2019-02-15,10
20,Shay,Gras,February,2019-02-28,2019-02-15,10
20,Shay,Gras,February,2019-02-28,2019-02-15,10
20,Shay,Gras,February,2019-02-28,2019-02-15,10
20,Shay,Gras,February,2019-02-28,2019-02-15,10
21,Tim,Yakob,February,2019-02-28,2019-02-15,10
21,Tim,Yakob,February,2019-02-28,2019-02-15,10
21,Tim,Yakob,February,2019-02-28,2019-02-15,10
21,Tim,Yakob,February,2019-02-28,2019-02-15,10
21,Tim,Yakob,February,2019-02-28,2019-02-15,10
21,Tim,Yakob,February,2019-02-28,2019-02-15,10
21,Tim,Yakob,February,2019-02-28,2019-02-15,10
22,King,Thomlinson,February,2019-02-28,2019-02-15,10
22,King,Thomlinson,February,2019-02-28,2019-02-15,10
22,King,Thomlinson,February,2019-02-28,2019-02-15,10
22,King,Thomlinson,February,2019-02-28,2019-02-15,10
22,King,Thomlinson,February,2019-02-28,2019-02-15,10
22,King,Thomlinson,February,2019-02-28,2019-02-15,10
22,King,Thomlinson,February,2019-02-28,2019-02-15,10
23,Gillan,Bartrum,February,2019-02-28,2019-02-15,10
23,Gillan,Bartrum,February,2019-02-28,2019-02-15,10
23,Gillan,Bartrum,February,2019-02-28,2019-02-15,10
23,Gillan,Bartrum,February,2019-02-28,2019-02-15,10
23,Gillan,Bartrum,February,2019-02-28,2019-02-15,10
23,Gillan,Bartrum,February,2019-02-28,2019-02-15,10
23,Gillan,Bartrum,February,2019-02-28,2019-02-15,10
24,Gusta,McKinnell,February,2019-02-28,2019-02-15,10
24,Gusta,McKinnell,February,2019-02-28,2019-02-15,10
24,Gusta,McKinnell,February,2019-02-28,2019-02-15,10
24,Gusta,McKinnell,February,2019-02-28,2019-02-15,10
24,Gusta,McKinnell,February,2019-02-28,2019-02-15,10
24,Gusta,McKinnell,February,2019-02-28,2019-02-15,10
24,Gusta,McKinnell,February,2019-02-28,2019-02-15,10
25,Nick,Matt,February,2019-02-28,2019-02-15,10
25,Nick,Matt,February,2019-02-28,2019-02-15,10
25,Nick,Matt,February,2019-02-28,2019-02-15,10
25,Nick,Matt,February,2019-02-28,2019-02-15,10
25,Nick,Matt,February,2019-02-28,2019-02-15,10
25,Nick,Matt,February,2019-02-28,2019-02-15,10
25,Nick,Matt,February,2019-02-28,2019-02-15,10
26,Kacie,Jizhaki,February,2019-02-28,2019-02-15,10
26,Kacie,Jizhaki,February,2019-02-28,2019-02-15,10
26,Kacie,Jizhaki,February,2019-02-28,2019-02-15,10
26,Kacie,Jizhaki,February,2019-02-28,2019-02-15,10
26,Kacie,Jizhaki,February,2019-02-28,2019-02-15,10
26,Kacie,Jizhaki,February,2019-02-28,2019-02-15,10
26,Kacie,Jizhaki,February,2019-02-28,2019-02-15,10
27,Darby,Lebond,February,2019-02-28,2019-02-15,10
27,Darby,Lebond,February,2019-02-28,2019-02-15,10
27,Darby,Lebond,February,2019-02-28,2019-02-15,10
27,Darby,Lebond,February,2019-02-28,2019-02-15,10
27,Darby,Lebond,February,2019-02-28,2019-02-15,10
27,Darby,Lebond,February,2019-02-28,2019-02-15,10
27,Darby,Lebond,February,2019-02-28,2019-02-15,10
28,Orion,Laughnan,February,2019-02-28,2019-02-15,10
28,Orion,Laughnan,February,2019-02-28,2019-02-15,10
28,Orion,Laughnan,February,2019-02-28,2019-02-15,10
28,Orion,Laughnan,February,2019-02-28,2019-02-15,10
28,Orion,Laughnan,February,2019-02-28,2019-02-15,10
28,Orion,Laughnan,February,2019-02-28,2019-02-15,10
28,Orion,Laughnan,February,2019-02-28,2019-02-15,10
29,Leah,Blyth,February,2019-02-28,2019-02-15,10
29,Leah,Blyth,February,2019-02-28,2019-02-15,10
29,Leah,Blyth,February,2019-02-28,2019-02-15,10
29,Leah,Blyth,February,2019-02-28,2019-02-15,10
29,Leah,Blyth,February,2019-02-28,2019-02-15,10
29,Leah,Blyth,February,2019-02-28,2019-02-15,10
29,Leah,Blyth,February,2019-02-28,2019-02-15,10
30,Mirabelle,Guard,February,2019-02-28,2019-02-15,10
30,Mirabelle,Guard,February,2019-02-28,2019-02-15,10
30,Mirabelle,Guard,February,2019-02-28,2019-02-15,10
30,Mirabelle,Guard,February,2019-02-28,2019-02-15,10
30,Mirabelle,Guard,February,2019-02-28,2019-02-15,10
30,Mirabelle,Guard,February,2019-02-28,2019-02-15,10
30,Mirabelle,Guard,February,2019-02-28,2019-02-15,10
31,Kessiah,Ancliff,February,2019-02-28,2019-02-15,10
31,Kessiah,Ancliff,February,2019-02-28,2019-02-15,10
31,Kessiah,Ancliff,February,2019-02-28,2019-02-15,10
31,Kessiah,Ancliff,February,2019-02-28,2019-02-15,10
31,Kessiah,Ancliff,February,2019-02-28,2019-02-15,10
31,Kessiah,Ancliff,February,2019-02-28,2019-02-15,10
31,Kessiah,Ancliff,February,2019-02-28,2019-02-15,10
32,Nolie,Gundrey,February,2019-02-28,2019-02-15,10
32,Nolie,Gundrey,February,2019-02-28,2019-02-15,10
32,Nolie,Gundrey,February,2019-02-28,2019-02-15,10
32,Nolie,Gundrey,February,2019-02-28,2019-02-15,10
32,Nolie,Gundrey,February,2019-02-28,2019-02-15,10
32,Nolie,Gundrey,February,2019-02-28,2019-02-15,10
32,Nolie,Gundrey,February,2019-02-28,2019-02-15,10
33,Ardra,Vize,February,2019-02-28,2019-02-15,10
33,Ardra,Vize,February,2019-02-28,2019-02-15,10
33,Ardra,Vize,February,2019-02-28,2019-02-15,10
33,Ardra,Vize,February,2019-02-28,2019-02-15,10
33,Ardra,Vize,February,2019-02-28,2019-02-15,10
33,Ardra,Vize,February,2019-02-28,2019-02-15,10
33,Ardra,Vize,February,2019-02-28,2019-02-15,10
34,Shalna,Brambill,February,2019-02-28,2019-02-15,10
34,Shalna,Brambill,February,2019-02-28,2019-02-15,10
34,Shalna,Brambill,February,2019-02-28,2019-02-15,10
34,Shalna,Brambill,February,2019-02-28,2019-02-15,10
34,Shalna,Brambill,February,2019-02-28,2019-02-15,10
34,Shalna,Brambill,February,2019-02-28,2019-02-15,10
34,Shalna,Brambill,February,2019-02-28,2019-02-15,10
35,Bobbi,Menendes,February,2019-02-28,2019-02-15,10
35,Bobbi,Menendes,February,2019-02-28,2019-02-15,10
35,Bobbi,Menendes,February,2019-02-28,2019-02-15,10
35,Bobbi,Menendes,February,2019-02-28,2019-02-15,10
35,Bobbi,Menendes,February,2019-02-28,2019-02-15,10
35,Bobbi,Menendes,February,2019-02-28,2019-02-15,10
35,Bobbi,Menendes,February,2019-02-28,2019-02-15,10
36,Codee,Clayfield,February,2019-02-28,2019-02-15,10
36,Codee,Clayfield,February,2019-02-28,2019-02-15,10
36,Codee,Clayfield,February,2019-02-28,2019-02-15,10
36,Codee,Clayfield,February,2019-02-28,2019-02-15,10
36,Codee,Clayfield,February,2019-02-28,2019-02-15,10
36,Codee,Clayfield,February,2019-02-28,2019-02-15,10
36,Codee,Clayfield,February,2019-02-28,2019-02-15,10
37,Markos,Elsbury,February,2019-02-28,2019-02-15,10
37,Markos,Elsbury,February,2019-02-28,2019-02-15,10
37,Markos,Elsbury,February,2019-02-28,2019-02-15,10
37,Markos,Elsbury,February,2019-02-28,2019-02-15,10
37,Markos,Elsbury,February,2019-02-28,2019-02-15,10
37,Markos,Elsbury,February,2019-02-28,2019-02-15,10
37,Markos,Elsbury,February,2019-02-28,2019-02-15,10
38,Marlane,Stallibrass,February,2019-02-28,2019-02-15,10
38,Marlane,Stallibrass,February,2019-02-28,2019-02-15,10
38,Marlane,Stallibrass,February,2019-02-28,2019-02-15,10
38,Marlane,Stallibrass,February,2019-02-28,2019-02-15,10
38,Marlane,Stallibrass,February,2019-02-28,2019-02-15,10
38,Marlane,Stallibrass,February,2019-02-28,2019-02-15,10
38,Marlane,Stallibrass,February,2019-02-28,2019-02-15,10
39,Humphrey,Hagwood,February,2019-02-28,2019-02-15,10
39,Humphrey,Hagwood,February,2019-02-28,2019-02-15,10
39,Humphrey,Hagwood,February,2019-02-28,2019-02-15,10
39,Humphrey,Hagwood,February,2019-02-28,2019-02-15,10
39,Humphrey,Hagwood,February,2019-02-28,2019-02-15,10
39,Humphrey,Hagwood,February,2019-02-28,2019-02-15,10
39,Humphrey,Hagwood,February,2019-02-28,2019-02-15,10
40,Aube,Baldwin,February,2019-02-28,2019-02-15,10
40,Aube,Baldwin,February,2019-02-28,2019-02-15,10
40,Aube,Baldwin,February,2019-02-28,2019-02-15,10
40,Aube,Baldwin,February,2019-02-28,2019-02-15,10
40,Aube,Baldwin,February,2019-02-28,2019-02-15,10
40,Aube,Baldwin,February,2019-02-28,2019-02-15,10
40,Aube,Baldwin,February,2019-02-28,2019-02-15,10
41,Webb,Hullyer,February,2019-02-28,2019-02-15,10
41,Webb,Hullyer,February,2019-02-28,2019-02-15,10
41,Webb,Hullyer,February,2019-02-28,2019-02-15,10
41,Webb,Hullyer,February,2019-02-28,2019-02-15,10
41,Webb,Hullyer,February,2019-02-28,2019-02-15,10
41,Webb,Hullyer,February,2019-02-28,2019-02-15,10
41,Webb,Hullyer,February,2019-02-28,2019-02-15,10
42,Piggy,Theodore,February,2019-02-28,2019-02-15,10
42,Piggy,Theodore,February,2019-02-28,2019-02-15,10
42,Piggy,Theodore,February,2019-02-28,2019-02-15,10
42,Piggy,Theodore,February,2019-02-28,2019-02-15,10
42,Piggy,Theodore,February,2019-02-28,2019-02-15,10
42,Piggy,Theodore,February,2019-02-28,2019-02-15,10
42,Piggy,Theodore,February,2019-02-28,2019-02-15,10
43,Vladamir,Laurentin,February,2019-02-28,2019-02-15,10
43,Vladamir,Laurentin,February,2019-02-28,2019-02-15,10
43,Vladamir,Laurentin,February,2019-02-28,2019-02-15,10
43,Vladamir,Laurentin,February,2019-02-28,2019-02-15,10
43,Vladamir,Laurentin,February,2019-02-28,2019-02-15,10
43,Vladamir,Laurentin,February,2019-02-28,2019-02-15,10
43,Vladamir,Laurentin,February,2019-02-28,2019-02-15,10
44,Jammie,Grigg,February,2019-02-28,2019-02-15,10
44,Jammie,Grigg,February,2019-02-28,2019-02-15,10
44,Jammie,Grigg,February,2019-02-28,2019-02-15,10
44,Jammie,Grigg,February,2019-02-28,2019-02-15,10
44,Jammie,Grigg,February,2019-02-28,2019-02-15,10
44,Jammie,Grigg,February,2019-02-28,2019-02-15,10
44,Jammie,Grigg,February,2019-02-28,2019-02-15,10
45,Modestia,Naldrett,February,2019-02-28,2019-02-15,10
45,Modestia,Naldrett,February,2019-02-28,2019-02-15,10
45,Modestia,Naldrett,February,2019-02-28,2019-02-15,10
45,Modestia,Naldrett,February,2019-02-28,2019-02-15,10
45,Modestia,Naldrett,February,2019-02-28,2019-02-15,10
45,Modestia,Naldrett,February,2019-02-28,2019-02-15,10
45,Modestia,Naldrett,February,2019-02-28,2019-02-15,10
46,Kathleen,Mariel,February,2019-02-28,2019-02-15,10
46,Kathleen,Mariel,February,2019-02-28,2019-02-15,10
46,Kathleen,Mariel,February,2019-02-28,2019-02-15,10
46,Kathleen,Mariel,February,2019-02-28,2019-02-15,10
46,Kathleen,Mariel,February,2019-02-28,2019-02-15,10
46,Kathleen,Mariel,February,2019-02-28,2019-02-15,10
46,Kathleen,Mariel,February,2019-02-28,2019-02-15,10
47,Edith,Cuvley,February,2019-02-28,2019-02-15,10
47,Edith,Cuvley,February,2019-02-28,2019-02-15,10
47,Edith,Cuvley,February,2019-02-28,2019-02-15,10
47,Edith,Cuvley,February,2019-02-28,2019-02-15,10
47,Edith,Cuvley,February,2019-02-28,2019-02-15,10
47,Edith,Cuvley,February,2019-02-28,2019-02-15,10
47,Edith,Cuvley,February,2019-02-28,2019-02-15,10
48,Burgess,Broxton,February,2019-02-28,2019-02-15,10
48,Burgess,Broxton,February,2019-02-28,2019-02-15,10
48,Burgess,Broxton,February,2019-02-28,2019-02-15,10
48,Burgess,Broxton,February,2019-02-28,2019-02-15,10
48,Burgess,Broxton,February,2019-02-28,2019-02-15,10
48,Burgess,Broxton,February,2019-02-28,2019-02-15,10
48,Burgess,Broxton,February,2019-02-28,2019-02-15,10
49,Elaina,Gallaher,February,2019-02-28,2019-02-15,10
49,Elaina,Gallaher,February,2019-02-28,2019-02-15,10
49,Elaina,Gallaher,February,2019-02-28,2019-02-15,10
49,Elaina,Gallaher,February,2019-02-28,2019-02-15,10
49,Elaina,Gallaher,February,2019-02-28,2019-02-15,10
49,Elaina,Gallaher,February,2019-02-28,2019-02-15,10
49,Elaina,Gallaher,February,2019-02-28,2019-02-15,10
50,Samuel,Sachno,February,2019-02-28,2019-02-15,10
50,Samuel,Sachno,February,2019-02-28,2019-02-15,10
50,Samuel,Sachno,February,2019-02-28,2019-02-15,10
50,Samuel,Sachno,February,2019-02-28,2019-02-15,10
50,Samuel,Sachno,February,2019-02-28,2019-02-15,10
50,Samuel,Sachno,February,2019-02-28,2019-02-15,10
50,Samuel,Sachno,February,2019-02-28,2019-02-15,10
51,Brnaba,Santhouse,February,2019-02-28,2019-02-15,10
51,Brnaba,Santhouse,February,2019-02-28,2019-02-15,10
51,Brnaba,Santhouse,February,2019-02-28,2019-02-15,10
51,Brnaba,Santhouse,February,2019-02-28,2019-02-15,10
51,Brnaba,Santhouse,February,2019-02-28,2019-02-15,10
51,Brnaba,Santhouse,February,2019-02-28,2019-02-15,10
51,Brnaba,Santhouse,February,2019-02-28,2019-02-15,10
52,Cassondra,Packham,February,2019-02-28,2019-02-15,10
52,Cassondra,Packham,February,2019-02-28,2019-02-15,10
52,Cassondra,Packham,February,2019-02-28,2019-02-15,10
52,Cassondra,Packham,February,2019-02-28,2019-02-15,10
52,Cassondra,Packham,February,2019-02-28,2019-02-15,10
52,Cassondra,Packham,February,2019-02-28,2019-02-15,10
52,Cassondra,Packham,February,2019-02-28,2019-02-15,10
53,Carson,Zoppie,February,2019-02-28,2019-02-15,10
53,Carson,Zoppie,February,2019-02-28,2019-02-15,10
53,Carson,Zoppie,February,2019-02-28,2019-02-15,10
53,Carson,Zoppie,February,2019-02-28,2019-02-15,10
53,Carson,Zoppie,February,2019-02-28,2019-02-15,10
53,Carson,Zoppie,February,2019-02-28,2019-02-15,10
53,Carson,Zoppie,February,2019-02-28,2019-02-15,10
54,Quincy,Brickham,February,2019-02-28,2019-02-15,10
54,Quincy,Brickham,February,2019-02-28,2019-02-15,10
54,Quincy,Brickham,February,2019-02-28,2019-02-15,10
54,Quincy,Brickham,February,2019-02-28,2019-02-15,10
54,Quincy,Brickham,February,2019-02-28,2019-02-15,10
54,Quincy,Brickham,February,2019-02-28,2019-02-15,10
54,Quincy,Brickham,February,2019-02-28,2019-02-15,10
55,Babita,Alvaro,February,2019-02-28,2019-02-15,10
55,Babita,Alvaro,February,2019-02-28,2019-02-15,10
55,Babita,Alvaro,February,2019-02-28,2019-02-15,10
55,Babita,Alvaro,February,2019-02-28,2019-02-15,10
55,Babita,Alvaro,February,2019-02-28,2019-02-15,10
55,Babita,Alvaro,February,2019-02-28,2019-02-15,10
55,Babita,Alvaro,February,2019-02-28,2019-02-15,10
56,Morgan,Dome,February,2019-02-28,2019-02-15,10
56,Morgan,Dome,February,2019-02-28,2019-02-15,10
56,Morgan,Dome,February,2019-02-28,2019-02-15,10
56,Morgan,Dome,February,2019-02-28,2019-02-15,10
56,Morgan,Dome,February,2019-02-28,2019-02-15,10
56,Morgan,Dome,February,2019-02-28,2019-02-15,10
56,Morgan,Dome,February,2019-02-28,2019-02-15,10
57,Den,Ericsson,February,2019-02-28,2019-02-15,10
57,Den,Ericsson,February,2019-02-28,2019-02-15,10
57,Den,Ericsson,February,2019-02-28,2019-02-15,10
57,Den,Ericsson,February,2019-02-28,2019-02-15,10
57,Den,Ericsson,February,2019-02-28,2019-02-15,10
57,Den,Ericsson,February,2019-02-28,2019-02-15,10
57,Den,Ericsson,February,2019-02-28,2019-02-15,10
58,Salvidor,Koop,February,2019-02-28,2019-02-15,10
58,Salvidor,Koop,February,2019-02-28,2019-02-15,10
58,Salvidor,Koop,February,2019-02-28,2019-02-15,10
58,Salvidor,Koop,February,2019-02-28,2019-02-15,10
58,Salvidor,Koop,February,2019-02-28,2019-02-15,10
58,Salvidor,Koop,February,2019-02-28,2019-02-15,10
58,Salvidor,Koop,February,2019-02-28,2019-02-15,10
59,Jennine,"Le Merchant",February,2019-02-28,2019-02-15,10
59,Jennine,"Le Merchant",February,2019-02-28,2019-02-15,10
59,Jennine,"Le Merchant",February,2019-02-28,2019-02-15,10
59,Jennine,"Le Merchant",February,2019-02-28,2019-02-15,10
59,Jennine,"Le Merchant",February,2019-02-28,2019-02-15,10
59,Jennine,"Le Merchant",February,2019-02-28,2019-02-15,10
59,Jennine,"Le Merchant",February,2019-02-28,2019-02-15,10
60,Tallie,Anchor,February,2019-02-28,2019-02-15,10
60,Tallie,Anchor,February,2019-02-28,2019-02-15,10
60,Tallie,Anchor,February,2019-02-28,2019-02-15,10
60,Tallie,Anchor,February,2019-02-28,2019-02-15,10
60,Tallie,Anchor,February,2019-02-28,2019-02-15,10
60,Tallie,Anchor,February,2019-02-28,2019-02-15,10
60,Tallie,Anchor,February,2019-02-28,2019-02-15,10
61,Frieda,Allpress,February,2019-02-28,2019-02-15,10
61,Frieda,Allpress,February,2019-02-28,2019-02-15,10
61,Frieda,Allpress,February,2019-02-28,2019-02-15,10
61,Frieda,Allpress,February,2019-02-28,2019-02-15,10
61,Frieda,Allpress,February,2019-02-28,2019-02-15,10
61,Frieda,Allpress,February,2019-02-28,2019-02-15,10
61,Frieda,Allpress,February,2019-02-28,2019-02-15,10
62,Blake,Lyes,February,2019-02-28,2019-02-15,10
62,Blake,Lyes,February,2019-02-28,2019-02-15,10
62,Blake,Lyes,February,2019-02-28,2019-02-15,10
62,Blake,Lyes,February,2019-02-28,2019-02-15,10
62,Blake,Lyes,February,2019-02-28,2019-02-15,10
62,Blake,Lyes,February,2019-02-28,2019-02-15,10
62,Blake,Lyes,February,2019-02-28,2019-02-15,10
63,Flory,Greenman,February,2019-02-28,2019-02-15,10
63,Flory,Greenman,February,2019-02-28,2019-02-15,10
63,Flory,Greenman,February,2019-02-28,2019-02-15,10
63,Flory,Greenman,February,2019-02-28,2019-02-15,10
63,Flory,Greenman,February,2019-02-28,2019-02-15,10
63,Flory,Greenman,February,2019-02-28,2019-02-15,10
63,Flory,Greenman,February,2019-02-28,2019-02-15,10
64,Cazzie,Kermott,February,2019-02-28,2019-02-15,10
64,Cazzie,Kermott,February,2019-02-28,2019-02-15,10
64,Cazzie,Kermott,February,2019-02-28,2019-02-15,10
64,Cazzie,Kermott,February,2019-02-28,2019-02-15,10
64,Cazzie,Kermott,February,2019-02-28,2019-02-15,10
64,Cazzie,Kermott,February,2019-02-28,2019-02-15,10
64,Cazzie,Kermott,February,2019-02-28,2019-02-15,10
65,Avictor,Parnby,February,2019-02-28,2019-02-15,10
65,Avictor,Parnby,February,2019-02-28,2019-02-15,10
65,Avictor,Parnby,February,2019-02-28,2019-02-15,10
65,Avictor,Parnby,February,2019-02-28,2019-02-15,10
65,Avictor,Parnby,February,2019-02-28,2019-02-15,10
65,Avictor,Parnby,February,2019-02-28,2019-02-15,10
65,Avictor,Parnby,February,2019-02-28,2019-02-15,10
66,Tobin,Swynley,February,2019-02-28,2019-02-15,10
66,Tobin,Swynley,February,2019-02-28,2019-02-15,10
66,Tobin,Swynley,February,2019-02-28,2019-02-15,10
66,Tobin,Swynley,February,2019-02-28,2019-02-15,10
66,Tobin,Swynley,February,2019-02-28,2019-02-15,10
66,Tobin,Swynley,February,2019-02-28,2019-02-15,10
66,Tobin,Swynley,February,2019-02-28,2019-02-15,10
67,Merla,Gonzalvo,February,2019-02-28,2019-02-15,10
67,Merla,Gonzalvo,February,2019-02-28,2019-02-15,10
67,Merla,Gonzalvo,February,2019-02-28,2019-02-15,10
67,Merla,Gonzalvo,February,2019-02-28,2019-02-15,10
67,Merla,Gonzalvo,February,2019-02-28,2019-02-15,10
67,Merla,Gonzalvo,February,2019-02-28,2019-02-15,10
67,Merla,Gonzalvo,February,2019-02-28,2019-02-15,10
68,Sanders,Prew,February,2019-02-28,2019-02-15,10
68,Sanders,Prew,February,2019-02-28,2019-02-15,10
68,Sanders,Prew,February,2019-02-28,2019-02-15,10
68,Sanders,Prew,February,2019-02-28,2019-02-15,10
68,Sanders,Prew,February,2019-02-28,2019-02-15,10
68,Sanders,Prew,February,2019-02-28,2019-02-15,10
68,Sanders,Prew,February,2019-02-28,2019-02-15,10
69,Evelyn,Schutte,February,2019-02-28,2019-02-15,10
69,Evelyn,Schutte,February,2019-02-28,2019-02-15,10
69,Evelyn,Schutte,February,2019-02-28,2019-02-15,10
69,Evelyn,Schutte,February,2019-02-28,2019-02-15,10
69,Evelyn,Schutte,February,2019-02-28,2019-02-15,10
69,Evelyn,Schutte,February,2019-02-28,2019-02-15,10
69,Evelyn,Schutte,February,2019-02-28,2019-02-15,10
70,Cass,Hakonsen,February,2019-02-28,2019-02-15,10
70,Cass,Hakonsen,February,2019-02-28,2019-02-15,10
70,Cass,Hakonsen,February,2019-02-28,2019-02-15,10
70,Cass,Hakonsen,February,2019-02-28,2019-02-15,10
70,Cass,Hakonsen,February,2019-02-28,2019-02-15,10
70,Cass,Hakonsen,February,2019-02-28,2019-02-15,10
70,Cass,Hakonsen,February,2019-02-28,2019-02-15,10
71,Cammie,Raddan,February,2019-02-28,2019-02-15,10
71,Cammie,Raddan,February,2019-02-28,2019-02-15,10
71,Cammie,Raddan,February,2019-02-28,2019-02-15,10
71,Cammie,Raddan,February,2019-02-28,2019-02-15,10
71,Cammie,Raddan,February,2019-02-28,2019-02-15,10
71,Cammie,Raddan,February,2019-02-28,2019-02-15,10
71,Cammie,Raddan,February,2019-02-28,2019-02-15,10
72,Andros,Walkden,February,2019-02-28,2019-02-15,10
72,Andros,Walkden,February,2019-02-28,2019-02-15,10
72,Andros,Walkden,February,2019-02-28,2019-02-15,10
72,Andros,Walkden,February,2019-02-28,2019-02-15,10
72,Andros,Walkden,February,2019-02-28,2019-02-15,10
72,Andros,Walkden,February,2019-02-28,2019-02-15,10
72,Andros,Walkden,February,2019-02-28,2019-02-15,10
73,Hallie,Locket,February,2019-02-28,2019-02-15,10
73,Hallie,Locket,February,2019-02-28,2019-02-15,10
73,Hallie,Locket,February,2019-02-28,2019-02-15,10
73,Hallie,Locket,February,2019-02-28,2019-02-15,10
73,Hallie,Locket,February,2019-02-28,2019-02-15,10
73,Hallie,Locket,February,2019-02-28,2019-02-15,10
73,Hallie,Locket,February,2019-02-28,2019-02-15,10
74,Sherry,Tapner,February,2019-02-28,2019-02-15,10
74,Sherry,Tapner,February,2019-02-28,2019-02-15,10
74,Sherry,Tapner,February,2019-02-28,2019-02-15,10
74,Sherry,Tapner,February,2019-02-28,2019-02-15,10
74,Sherry,Tapner,February,2019-02-28,2019-02-15,10
74,Sherry,Tapner,February,2019-02-28,2019-02-15,10
74,Sherry,Tapner,February,2019-02-28,2019-02-15,10
75,Roxy,Caig,February,2019-02-28,2019-02-15,10
75,Roxy,Caig,February,2019-02-28,2019-02-15,10
75,Roxy,Caig,February,2019-02-28,2019-02-15,10
75,Roxy,Caig,February,2019-02-28,2019-02-15,10
75,Roxy,Caig,February,2019-02-28,2019-02-15,10
75,Roxy,Caig,February,2019-02-28,2019-02-15,10
75,Roxy,Caig,February,2019-02-28,2019-02-15,10
76,Lorilyn,Meaton,February,2019-02-28,2019-02-15,10
76,Lorilyn,Meaton,February,2019-02-28,2019-02-15,10
76,Lorilyn,Meaton,February,2019-02-28,2019-02-15,10
76,Lorilyn,Meaton,February,2019-02-28,2019-02-15,10
76,Lorilyn,Meaton,February,2019-02-28,2019-02-15,10
76,Lorilyn,Meaton,February,2019-02-28,2019-02-15,10
76,Lorilyn,Meaton,February,2019-02-28,2019-02-15,10
77,Cinda,Spinige,February,2019-02-28,2019-02-15,10
77,Cinda,Spinige,February,2019-02-28,2019-02-15,10
77,Cinda,Spinige,February,2019-02-28,2019-02-15,10
77,Cinda,Spinige,February,2019-02-28,2019-02-15,10
77,Cinda,Spinige,February,2019-02-28,2019-02-15,10
77,Cinda,Spinige,February,2019-02-28,2019-02-15,10
77,Cinda,Spinige,February,2019-02-28,2019-02-15,10
78,Kane,Kirkam,February,2019-02-28,2019-02-15,10
78,Kane,Kirkam,February,2019-02-28,2019-02-15,10
78,Kane,Kirkam,February,2019-02-28,2019-02-15,10
78,Kane,Kirkam,February,2019-02-28,2019-02-15,10
78,Kane,Kirkam,February,2019-02-28,2019-02-15,10
78,Kane,Kirkam,February,2019-02-28,2019-02-15,10
78,Kane,Kirkam,February,2019-02-28,2019-02-15,10
79,Nataline,Darnell,February,2019-02-28,2019-02-15,10
79,Nataline,Darnell,February,2019-02-28,2019-02-15,10
79,Nataline,Darnell,February,2019-02-28,2019-02-15,10
79,Nataline,Darnell,February,2019-02-28,2019-02-15,10
79,Nataline,Darnell,February,2019-02-28,2019-02-15,10
79,Nataline,Darnell,February,2019-02-28,2019-02-15,10
79,Nataline,Darnell,February,2019-02-28,2019-02-15,10
80,Annmaria,Dawks,February,2019-02-28,2019-02-15,10
80,Annmaria,Dawks,February,2019-02-28,2019-02-15,10
80,Annmaria,Dawks,February,2019-02-28,2019-02-15,10
80,Annmaria,Dawks,February,2019-02-28,2019-02-15,10
80,Annmaria,Dawks,February,2019-02-28,2019-02-15,10
80,Annmaria,Dawks,February,2019-02-28,2019-02-15,10
80,Annmaria,Dawks,February,2019-02-28,2019-02-15,10
81,Braden,Dils,February,2019-02-28,2019-02-15,10
81,Braden,Dils,February,2019-02-28,2019-02-15,10
81,Braden,Dils,February,2019-02-28,2019-02-15,10
81,Braden,Dils,February,2019-02-28,2019-02-15,10
81,Braden,Dils,February,2019-02-28,2019-02-15,10
81,Braden,Dils,February,2019-02-28,2019-02-15,10
81,Braden,Dils,February,2019-02-28,2019-02-15,10
82,Florida,Astle,February,2019-02-28,2019-02-15,10
82,Florida,Astle,February,2019-02-28,2019-02-15,10
82,Florida,Astle,February,2019-02-28,2019-02-15,10
82,Florida,Astle,February,2019-02-28,2019-02-15,10
82,Florida,Astle,February,2019-02-28,2019-02-15,10
82,Florida,Astle,February,2019-02-28,2019-02-15,10
82,Florida,Astle,February,2019-02-28,2019-02-15,10
83,Bella,Beales,February,2019-02-28,2019-02-15,10
83,Bella,Beales,February,2019-02-28,2019-02-15,10
83,Bella,Beales,February,2019-02-28,2019-02-15,10
83,Bella,Beales,February,2019-02-28,2019-02-15,10
83,Bella,Beales,February,2019-02-28,2019-02-15,10
83,Bella,Beales,February,2019-02-28,2019-02-15,10
83,Bella,Beales,February,2019-02-28,2019-02-15,10
84,Grove,McCorley,February,2019-02-28,2019-02-15,10
84,Grove,McCorley,February,2019-02-28,2019-02-15,10
84,Grove,McCorley,February,2019-02-28,2019-02-15,10
84,Grove,McCorley,February,2019-02-28,2019-02-15,10
84,Grove,McCorley,February,2019-02-28,2019-02-15,10
84,Grove,McCorley,February,2019-02-28,2019-02-15,10
84,Grove,McCorley,February,2019-02-28,2019-02-15,10
85,Olly,Booth-Jarvis,February,2019-02-28,2019-02-15,10
85,Olly,Booth-Jarvis,February,2019-02-28,2019-02-15,10
85,Olly,Booth-Jarvis,February,2019-02-28,2019-02-15,10
85,Olly,Booth-Jarvis,February,2019-02-28,2019-02-15,10
85,Olly,Booth-Jarvis,February,2019-02-28,2019-02-15,10
85,Olly,Booth-Jarvis,February,2019-02-28,2019-02-15,10
85,Olly,Booth-Jarvis,February,2019-02-28,2019-02-15,10
86,Eugine,Menelaws,February,2019-02-28,2019-02-15,10
86,Eugine,Menelaws,February,2019-02-28,2019-02-15,10
86,Eugine,Menelaws,February,2019-02-28,2019-02-15,10
86,Eugine,Menelaws,February,2019-02-28,2019-02-15,10
86,Eugine,Menelaws,February,2019-02-28,2019-02-15,10
86,Eugine,Menelaws,February,2019-02-28,2019-02-15,10
86,Eugine,Menelaws,February,2019-02-28,2019-02-15,10
87,Ebeneser,Moulton,February,2019-02-28,2019-02-15,10
87,Ebeneser,Moulton,February,2019-02-28,2019-02-15,10
87,Ebeneser,Moulton,February,2019-02-28,2019-02-15,10
87,Ebeneser,Moulton,February,2019-02-28,2019-02-15,10
87,Ebeneser,Moulton,February,2019-02-28,2019-02-15,10
87,Ebeneser,Moulton,February,2019-02-28,2019-02-15,10
87,Ebeneser,Moulton,February,2019-02-28,2019-02-15,10
88,Ardys,Dyet,February,2019-02-28,2019-02-15,10
88,Ardys,Dyet,February,2019-02-28,2019-02-15,10
88,Ardys,Dyet,February,2019-02-28,2019-02-15,10
88,Ardys,Dyet,February,2019-02-28,2019-02-15,10
88,Ardys,Dyet,February,2019-02-28,2019-02-15,10
88,Ardys,Dyet,February,2019-02-28,2019-02-15,10
88,Ardys,Dyet,February,2019-02-28,2019-02-15,10
89,Frederic,Bremmell,February,2019-02-28,2019-02-15,10
89,Frederic,Bremmell,February,2019-02-28,2019-02-15,10
89,Frederic,Bremmell,February,2019-02-28,2019-02-15,10
89,Frederic,Bremmell,February,2019-02-28,2019-02-15,10
89,Frederic,Bremmell,February,2019-02-28,2019-02-15,10
89,Frederic,Bremmell,February,2019-02-28,2019-02-15,10
89,Frederic,Bremmell,February,2019-02-28,2019-02-15,10
90,Pavla,Gatley,February,2019-02-28,2019-02-15,10
90,Pavla,Gatley,February,2019-02-28,2019-02-15,10
90,Pavla,Gatley,February,2019-02-28,2019-02-15,10
90,Pavla,Gatley,February,2019-02-28,2019-02-15,10
90,Pavla,Gatley,February,2019-02-28,2019-02-15,10
90,Pavla,Gatley,February,2019-02-28,2019-02-15,10
90,Pavla,Gatley,February,2019-02-28,2019-02-15,10
91,Seward,Roust,February,2019-02-28,2019-02-15,10
91,Seward,Roust,February,2019-02-28,2019-02-15,10
91,Seward,Roust,February,2019-02-28,2019-02-15,10
91,Seward,Roust,February,2019-02-28,2019-02-15,10
91,Seward,Roust,February,2019-02-28,2019-02-15,10
91,Seward,Roust,February,2019-02-28,2019-02-15,10
91,Seward,Roust,February,2019-02-28,2019-02-15,10
92,Cathee,Lavielle,February,2019-02-28,2019-02-15,10
92,Cathee,Lavielle,February,2019-02-28,2019-02-15,10
92,Cathee,Lavielle,February,2019-02-28,2019-02-15,10
92,Cathee,Lavielle,February,2019-02-28,2019-02-15,10
92,Cathee,Lavielle,February,2019-02-28,2019-02-15,10
92,Cathee,Lavielle,February,2019-02-28,2019-02-15,10
92,Cathee,Lavielle,February,2019-02-28,2019-02-15,10
93,Linzy,Horley,February,2019-02-28,2019-02-15,10
93,Linzy,Horley,February,2019-02-28,2019-02-15,10
93,Linzy,Horley,February,2019-02-28,2019-02-15,10
93,Linzy,Horley,February,2019-02-28,2019-02-15,10
93,Linzy,Horley,February,2019-02-28,2019-02-15,10
93,Linzy,Horley,February,2019-02-28,2019-02-15,10
93,Linzy,Horley,February,2019-02-28,2019-02-15,10
94,Kirk,Bier,February,2019-02-28,2019-02-15,10
94,Kirk,Bier,February,2019-02-28,2019-02-15,10
94,Kirk,Bier,February,2019-02-28,2019-02-15,10
94,Kirk,Bier,February,2019-02-28,2019-02-15,10
94,Kirk,Bier,February,2019-02-28,2019-02-15,10
94,Kirk,Bier,February,2019-02-28,2019-02-15,10
94,Kirk,Bier,February,2019-02-28,2019-02-15,10
95,Waiter,Perroni,February,2019-02-28,2019-02-15,10
95,Waiter,Perroni,February,2019-02-28,2019-02-15,10
95,Waiter,Perroni,February,2019-02-28,2019-02-15,10
95,Waiter,Perroni,February,2019-02-28,2019-02-15,10
95,Waiter,Perroni,February,2019-02-28,2019-02-15,10
95,Waiter,Perroni,February,2019-02-28,2019-02-15,10
95,Waiter,Perroni,February,2019-02-28,2019-02-15,10
96,Tresa,Thompson,February,2019-02-28,2019-02-15,10
96,Tresa,Thompson,February,2019-02-28,2019-02-15,10
96,Tresa,Thompson,February,2019-02-28,2019-02-15,10
96,Tresa,Thompson,February,2019-02-28,2019-02-15,10
96,Tresa,Thompson,February,2019-02-28,2019-02-15,10
96,Tresa,Thompson,February,2019-02-28,2019-02-15,10
96,Tresa,Thompson,February,2019-02-28,2019-02-15,10
97,Deny,Hazley,February,2019-02-28,2019-02-15,10
97,Deny,Hazley,February,2019-02-28,2019-02-15,10
97,Deny,Hazley,February,2019-02-28,2019-02-15,10
97,Deny,Hazley,February,2019-02-28,2019-02-15,10
97,Deny,Hazley,February,2019-02-28,2019-02-15,10
97,Deny,Hazley,February,2019-02-28,2019-02-15,10
97,Deny,Hazley,February,2019-02-28,2019-02-15,10
98,Jelene,Taborre,February,2019-02-28,2019-02-15,10
98,Jelene,Taborre,February,2019-02-28,2019-02-15,10
98,Jelene,Taborre,February,2019-02-28,2019-02-15,10
98,Jelene,Taborre,February,2019-02-28,2019-02-15,10
98,Jelene,Taborre,February,2019-02-28,2019-02-15,10
98,Jelene,Taborre,February,2019-02-28,2019-02-15,10
98,Jelene,Taborre,February,2019-02-28,2019-02-15,10
99,Joey,Strickett,February,2019-02-28,2019-02-15,10
99,Joey,Strickett,February,2019-02-28,2019-02-15,10
99,Joey,Strickett,February,2019-02-28,2019-02-15,10
99,Joey,Strickett,February,2019-02-28,2019-02-15,10
99,Joey,Strickett,February,2019-02-28,2019-02-15,10
99,Joey,Strickett,February,2019-02-28,2019-02-15,10
99,Joey,Strickett,February,2019-02-28,2019-02-15,10
100,Connie,Winspur,February,2019-02-28,2019-02-15,10
100,Connie,Winspur,February,2019-02-28,2019-02-15,10
100,Connie,Winspur,February,2019-02-28,2019-02-15,10
100,Connie,Winspur,February,2019-02-28,2019-02-15,10
100,Connie,Winspur,February,2019-02-28,2019-02-15,10
100,Connie,Winspur,February,2019-02-28,2019-02-15,10
100,Connie,Winspur,February,2019-02-28,2019-02-15,10
